url_hash,source_credibility,banned_march,banned_april
2124,2,N,R
2127,2,N,R
2128,2,N,R
2129,2,N,R
2130,2,N,R
2131,2,N,R
2132,2,N,R
2133,2,N,R
2175,2,N,R
8904,2,N,N
8905,2,N,N
8909,2,N,N
8910,2,N,N
8911,2,N,N
8912,2,N,N
8913,2,N,N
8914,2,N,N
8915,2,R,R
8917,2,N,N
8918,2,N,N
8919,2,R,R
8920,2,R,R
8921,2,N,N
8922,2,R,R
8923,2,N,N
8924,2,N,N
8925,2,R,R
8926,2,N,N
8927,2,R,R
8928,2,N,N
8929,2,R,R
8930,2,R,R
8931,2,R,R
8932,2,R,R
8933,2,N,N
8934,2,R,R
8935,2,N,N
8936,2,R,R
8937,2,R,R
8938,2,R,R
8939,2,R,R
8940,2,R,R
8941,2,R,R
8942,2,N,N
8943,2,R,R
8944,2,N,N
8945,2,R,R
8946,2,R,R
8947,2,R,R
8948,2,R,R
8949,2,R,R
8950,2,N,N
8951,2,N,N
8952,2,R,R
8953,2,N,N
8954,2,N,N
8956,2,N,N
8957,2,N,N
8958,2,R,R
8959,2,R,R
8960,2,N,N
8961,2,N,N
8962,2,N,N
8963,2,N,R
8964,2,R,R
8965,2,R,R
8967,2,N,N
8968,2,N,N
8969,2,N,N
8971,2,N,N
8972,2,N,N
8974,2,N,R
8976,2,N,N
8977,2,N,N
8978,2,N,N
8979,2,N,N
8980,2,N,N
8981,2,N,N
8982,2,N,N
8983,2,N,R
8984,2,N,N
8985,2,N,N
8986,2,N,N
8987,2,N,N
8988,2,N,N
8989,2,N,N
8990,2,N,N
8991,2,N,R
8992,2,R,R
8993,2,R,R
8994,2,R,R
8995,2,R,R
8996,2,N,N
8997,2,R,R
8998,2,N,N
8999,2,N,N
9000,2,N,N
9002,2,N,N
9003,2,N,N
9004,2,N,N
9005,2,N,N
9006,2,N,N
9007,2,R,R
9008,2,N,N
9009,2,N,R
9010,2,N,N
9011,2,N,N
9012,2,R,R
9014,2,N,N
9015,2,N,N
9016,2,N,N
9018,2,R,R
9019,2,R,R
9020,2,R,R
9021,2,R,R
9023,2,R,R
9025,2,N,N
9026,2,N,N
9027,2,N,N
9028,2,N,N
9029,2,N,N
9030,2,N,N
9031,2,N,N
9033,2,N,N
9034,2,R,R
9035,2,N,N
9036,2,R,R
9037,2,N,N
9038,2,N,N
9039,2,N,N
9040,2,N,N
9041,2,N,N
9042,2,R,R
9043,2,R,R
9044,2,R,R
9045,2,R,R
9046,2,R,R
9047,2,N,N
9048,2,N,N
9049,2,N,N
9050,2,N,N
9051,2,N,N
9052,2,N,N
9053,2,N,N
9054,2,R,R
9055,2,R,R
9056,2,R,R
9057,2,R,R
9058,2,R,R
9059,2,R,R
9060,2,R,R
9061,2,R,R
9062,2,R,R
9063,2,R,R
9064,2,R,R
9065,2,R,R
9066,2,R,R
9067,2,R,R
9068,2,R,R
9069,2,N,N
9071,2,N,N
9072,2,N,N
9073,2,R,R
9074,2,N,N
9075,2,R,R
9076,2,R,R
9077,2,R,R
9078,2,R,R
9079,2,N,N
9080,2,R,R
9081,2,R,R
9082,2,R,R
9083,2,R,R
9084,2,R,R
9085,2,R,R
9086,2,R,R
9087,2,R,R
9088,2,R,R
9089,2,R,R
9090,2,R,R
9091,2,N,N
9092,2,R,R
9093,2,R,R
9094,2,R,R
9095,2,R,R
9096,2,R,R
9097,2,R,R
9098,2,R,R
9099,2,N,N
9100,2,R,R
9101,2,R,R
9102,2,R,R
9103,2,R,R
9104,2,R,R
9105,2,R,R
9106,2,R,R
9107,2,R,R
9108,2,R,R
9109,2,R,R
9110,2,R,R
9111,2,R,R
9112,2,R,R
9113,2,R,R
9114,2,R,R
9115,2,R,R
9116,2,N,N
9117,2,R,R
9118,2,R,R
9119,2,R,R
9120,2,R,R
9121,2,R,R
9122,2,R,R
9123,2,R,R
9124,2,R,R
9125,2,R,R
9126,2,R,R
9127,2,R,R
9128,2,R,R
9129,2,R,R
9130,2,R,R
9131,2,R,R
9132,2,R,R
9133,2,R,R
9134,2,R,R
9135,2,R,R
9136,2,R,R
9137,2,R,R
9138,2,R,R
9139,2,R,R
9140,2,R,R
9141,2,R,R
9142,2,R,R
9143,2,R,R
9144,2,R,R
9145,2,R,R
9146,2,R,R
9147,2,R,R
9148,2,R,R
9149,2,R,R
9150,2,R,R
9151,2,R,R
9152,2,R,R
9153,2,R,R
9154,2,R,R
9155,2,R,R
9156,2,R,R
9157,2,R,R
9158,2,R,R
9159,2,R,R
9160,2,R,R
9161,2,R,R
9162,2,R,R
9163,2,R,R
9164,2,R,R
9165,2,R,R
9166,2,R,R
9167,2,R,R
9168,2,R,R
9169,2,R,R
9170,2,R,R
9171,2,R,R
9172,2,R,R
9173,2,R,R
9174,2,R,R
9175,2,R,R
9176,2,R,R
9177,2,N,N
9178,2,R,R
9179,2,R,R
9180,2,R,R
9181,2,R,R
9182,2,R,R
9183,2,R,R
9184,2,N,N
9185,2,N,N
9186,2,N,N
9187,2,N,N
9188,2,R,R
9189,2,N,N
9190,2,R,R
9191,2,R,R
9192,2,N,N
9193,2,N,N
9194,2,N,N
9195,2,N,N
9197,2,N,N
9198,2,N,N
9199,2,N,N
9200,2,N,N
9201,2,N,N
9202,2,R,R
9203,2,N,N
9204,2,N,N
9205,2,N,N
9206,2,N,N
9207,2,N,N
9209,2,R,R
9210,2,R,R
9211,2,R,R
9212,2,R,R
9213,2,R,R
9214,2,R,R
9215,2,R,R
9216,2,N,N
9217,2,N,N
9218,2,N,N
9219,2,N,N
9220,2,N,N
9221,2,N,N
9222,2,N,N
9223,2,N,N
9224,2,N,N
9225,2,N,N
9226,2,N,N
9227,2,N,N
9228,2,N,N
9229,2,N,N
9230,2,N,N
9231,2,N,N
9232,2,N,N
9233,2,N,N
9234,2,N,N
9235,2,N,N
9236,2,R,R
9237,2,N,N
9238,2,R,R
9239,2,N,N
9240,2,N,N
9241,2,N,N
9242,2,N,N
9243,2,N,N
9244,2,N,N
9245,2,N,N
9246,2,N,N
9247,2,N,N
9248,2,N,N
9249,2,N,N
9250,2,N,N
9251,2,N,N
9252,2,R,R
9253,2,N,N
9254,2,N,N
9255,2,N,N
9256,2,N,N
9258,2,N,N
9259,2,N,N
9260,2,N,N
9261,2,N,N
9262,2,N,N
9263,2,N,N
9264,2,N,N
9265,2,N,N
9266,2,N,N
9267,2,N,N
9268,2,N,N
9269,2,N,N
9270,2,N,N
9271,2,N,N
9272,2,N,N
9273,2,N,N
9274,2,N,N
9275,2,N,N
9276,2,N,N
9277,2,N,N
9278,2,N,N
9279,2,N,N
9280,2,R,R
9281,2,N,N
9282,2,N,N
9283,2,N,N
9284,2,N,N
9285,2,N,N
9286,2,N,N
9287,2,N,N
9288,2,N,N
9289,2,N,N
9290,2,N,N
9291,2,R,R
9292,2,N,N
9293,2,N,N
9294,2,N,N
9295,2,N,N
9296,2,N,N
9297,2,N,N
9298,2,N,N
9299,2,N,N
9300,2,N,N
9302,2,N,N
9303,2,N,N
9304,2,R,R
9305,2,N,N
9306,2,N,N
9307,2,N,N
9308,2,R,R
9309,2,N,N
9310,2,N,N
9311,2,N,N
9312,2,N,N
9314,2,N,N
9315,2,N,N
9316,2,N,N
9317,2,N,N
9318,2,N,N
9319,2,N,N
9321,2,N,N
9322,2,N,N
9323,2,N,N
9324,2,N,N
9325,2,N,N
9326,2,N,N
9327,2,N,N
9328,2,N,N
9329,2,N,N
9330,2,N,N
9331,2,N,N
9332,2,N,N
9333,2,N,N
9334,2,N,N
9335,2,N,N
9336,2,N,N
9337,2,N,N
9338,2,N,N
9339,2,N,N
9340,2,N,N
9341,2,N,N
9343,2,N,N
9344,2,N,N
9345,2,R,R
9346,2,R,R
9347,2,N,N
9348,2,N,N
9349,2,N,N
9350,2,R,R
9352,2,R,R
9353,2,N,N
9354,2,R,R
9355,2,N,N
9356,2,R,R
9357,2,R,R
9358,2,N,N
9359,2,N,N
9361,2,N,N
9362,2,N,R
9363,2,N,R
9364,2,N,N
9365,2,N,N
9366,2,N,N
9367,2,N,N
9368,2,N,N
9369,2,N,N
9370,2,N,N
9371,2,N,N
